CLM_DRG_CD,MDC,Description,Type
1,PRE-MDC,HEART TRANSPLANT OR IMPLANT OF HEART ASSIST SYSTEM W MCC,Surgical
2,PRE-MDC,HEART TRANSPLANT OR IMPLANT OF HEART ASSIST SYSTEM W/O MCC,Surgical
3,PRE-MDC,"ECMO OR TRACH W MV >96 HRS OR PDX EXC FACE, MOUTH & NECK W MAJ O.R.",Surgical
4,PRE-MDC,"TRACH W MV >96 HRS OR PDX EXC FACE, MOUTH & NECK W/O MAJ O.R.",Surgical
5,PRE-MDC,LIVER TRANSPLANT W MCC OR INTESTINAL TRANSPLANT,Surgical
6,PRE-MDC,LIVER TRANSPLANT W/O MCC,Surgical
14,PRE-MDC,ALLOGENEIC BONE MARROW TRANSPLANT,Surgical
7,PRE-MDC,LUNG TRANSPLANT,Surgical
8,PRE-MDC,SIMULTANEOUS PANCREAS/KIDNEY TRANSPLANT,Surgical
16,PRE-MDC,AUTOLOGOUS BONE MARROW TRANSPLANT W CC/MCC,Surgical
17,PRE-MDC,AUTOLOGOUS BONE MARROW TRANSPLANT W/O CC/MCC,Surgical
10,PRE-MDC,PANCREAS TRANSPLANT,Surgical
11,PRE-MDC,"TRACHEOSTOMY FOR FACE,MOUTH & NECK DIAGNOSES W MCC",Surgical
12,PRE-MDC,"TRACHEOSTOMY FOR FACE,MOUTH & NECK DIAGNOSES W CC",Surgical
13,PRE-MDC,"TRACHEOSTOMY FOR FACE,MOUTH & NECK DIAGNOSES W/O CC/MCC",Surgical
20,MDC-01,INTRACRANIAL VASCULAR PROCEDURES W PDX HEMORRHAGE W MCC,Surgical
21,MDC-01,INTRACRANIAL VASCULAR PROCEDURES W PDX HEMORRHAGE W CC,Surgical
22,MDC-01,INTRACRANIAL VASCULAR PROCEDURES W PDX HEMORRHAGE W/O CC/MCC,Surgical
23,MDC-01,CRANIOTOMY W MAJOR DEVICE IMPLANT OR ACUTE CNS PDX W MCC OR CHEMOTHERAPY IMPLANT OR EPILEPSY W NEUROSTIMULATOR,Surgical
24,MDC-01,CRANIO W MAJOR DEV IMPL/ACUTE COMPLEX CNS PDX W/O MCC,Surgical
25,MDC-01,CRANIOTOMY & ENDOVASCULAR INTRACRANIAL PROCEDURES W MCC,Surgical
26,MDC-01,CRANIOTOMY & ENDOVASCULAR INTRACRANIAL PROCEDURES W CC,Surgical
27,MDC-01,CRANIOTOMY & ENDOVASCULAR INTRACRANIAL PROCEDURES W/O CC/MCC,Surgical
28,MDC-01,SPINAL PROCEDURES W MCC,Surgical
29,MDC-01,SPINAL PROCEDURES W CC OR SPINAL NEUROSTIMULATORS,Surgical
30,MDC-01,SPINAL PROCEDURES W/O CC/MCC,Surgical
31,MDC-01,VENTRICULAR SHUNT PROCEDURES W MCC,Surgical
32,MDC-01,VENTRICULAR SHUNT PROCEDURES W CC,Surgical
33,MDC-01,VENTRICULAR SHUNT PROCEDURES W/O CC/MCC,Surgical
34,MDC-01,CAROTID ARTERY STENT PROCEDURE W MCC,Surgical
35,MDC-01,CAROTID ARTERY STENT PROCEDURE W CC,Surgical
36,MDC-01,CAROTID ARTERY STENT PROCEDURE W/O CC/MCC,Surgical
37,MDC-01,EXTRACRANIAL PROCEDURES W MCC,Surgical
38,MDC-01,EXTRACRANIAL PROCEDURES W CC,Surgical
39,MDC-01,EXTRACRANIAL PROCEDURES W/O CC/MCC,Surgical
40,MDC-01,PERIPH/CRANIAL NERVE & OTHER NERV SYST PROC W MCC,Surgical
41,MDC-01,PERIPH/CRANIAL NERVE & OTHER NERV SYST PROC W CC OR PERIPH NEUROSTIM,Surgical
42,MDC-01,PERIPH/CRANIAL NERVE & OTHER NERV SYST PROC W/O CC/MCC,Surgical
52,MDC-01,SPINAL DISORDERS & INJURIES W CC/MCC,Medical
53,MDC-01,SPINAL DISORDERS & INJURIES W/O CC/MCC,Medical
54,MDC-01,NERVOUS SYSTEM NEOPLASMS W MCC,Medical
55,MDC-01,NERVOUS SYSTEM NEOPLASMS W/O MCC,Medical
56,MDC-01,DEGENERATIVE NERVOUS SYSTEM DISORDERS W MCC,Medical
57,MDC-01,DEGENERATIVE NERVOUS SYSTEM DISORDERS W/O MCC,Medical
58,MDC-01,MULTIPLE SCLEROSIS & CEREBELLAR ATAXIA W MCC,Medical
59,MDC-01,MULTIPLE SCLEROSIS & CEREBELLAR ATAXIA W CC,Medical
60,MDC-01,MULTIPLE SCLEROSIS & CEREBELLAR ATAXIA W/O CC/MCC,Medical
61,MDC-01,"ISCHEMIC STROKE, PRECEREBRAL OCCLUSION OR TRANSIENT ISCHEMIA W THROMBOLYTIC AGENT W MCC",Medical
62,MDC-01,"ISCHEMIC STROKE, PRECEREBRAL OCCLUSION OR TRANSIENT ISCHEMIA W THROMBOLYTIC AGENT W CC",Medical
63,MDC-01,"ISCHEMIC STROKE, PRECEREBRAL OCCLUSION OR TRANSIENT ISCHEMIA W THROMBOLYTIC AGENT W/O CC/MCC",Medical
64,MDC-01,INTRACRANIAL HEMORRHAGE OR CEREBRAL INFARCTION W MCC,Medical
65,MDC-01,INTRACRANIAL HEMORRHAGE OR CEREBRAL INFARCTION W CC OR TPA IN 24 HRS,Medical
66,MDC-01,INTRACRANIAL HEMORRHAGE OR CEREBRAL INFARCTION W/O CC/MCC,Medical
67,MDC-01,NONSPECIFIC CVA & PRECEREBRAL OCCLUSION W/O INFARCT W MCC,Medical
68,MDC-01,NONSPECIFIC CVA & PRECEREBRAL OCCLUSION W/O INFARCT W/O MCC,Medical
69,MDC-01,TRANSIENT ISCHEMIA W/O THROMBOLYTIC,Medical
70,MDC-01,NONSPECIFIC CEREBROVASCULAR DISORDERS W MCC,Medical
71,MDC-01,NONSPECIFIC CEREBROVASCULAR DISORDERS W CC,Medical
72,MDC-01,NONSPECIFIC CEREBROVASCULAR DISORDERS W/O CC/MCC,Medical
73,MDC-01,CRANIAL & PERIPHERAL NERVE DISORDERS W MCC,Medical
74,MDC-01,CRANIAL & PERIPHERAL NERVE DISORDERS W/O MCC,Medical
75,MDC-01,VIRAL MENINGITIS W CC/MCC,Medical
76,MDC-01,VIRAL MENINGITIS W/O CC/MCC,Medical
77,MDC-01,HYPERTENSIVE ENCEPHALOPATHY W MCC,Medical
78,MDC-01,HYPERTENSIVE ENCEPHALOPATHY W CC,Medical
79,MDC-01,HYPERTENSIVE ENCEPHALOPATHY W/O CC/MCC,Medical
80,MDC-01,NONTRAUMATIC STUPOR & COMA W MCC,Medical
81,MDC-01,NONTRAUMATIC STUPOR & COMA W/O MCC,Medical
82,MDC-01,"TRAUMATIC STUPOR & COMA, COMA >1 HR W MCC",Medical
83,MDC-01,"TRAUMATIC STUPOR & COMA, COMA >1 HR W CC",Medical
84,MDC-01,"TRAUMATIC STUPOR & COMA, COMA >1 HR W/O CC/MCC",Medical
85,MDC-01,"TRAUMATIC STUPOR & COMA, COMA <1 HR W MCC",Medical
86,MDC-01,"TRAUMATIC STUPOR & COMA, COMA <1 HR W CC",Medical
87,MDC-01,"TRAUMATIC STUPOR & COMA, COMA <1 HR W/O CC/MCC",Medical
88,MDC-01,CONCUSSION W MCC,Medical
89,MDC-01,CONCUSSION W CC,Medical
90,MDC-01,CONCUSSION W/O CC/MCC,Medical
91,MDC-01,OTHER DISORDERS OF NERVOUS SYSTEM W MCC,Medical
92,MDC-01,OTHER DISORDERS OF NERVOUS SYSTEM W CC,Medical
93,MDC-01,OTHER DISORDERS OF NERVOUS SYSTEM W/O CC/MCC,Medical
94,MDC-01,BACTERIAL & TUBERCULOUS INFECTIONS OF NERVOUS SYSTEM W MCC,Medical
95,MDC-01,BACTERIAL & TUBERCULOUS INFECTIONS OF NERVOUS SYSTEM W CC,Medical
96,MDC-01,BACTERIAL & TUBERCULOUS INFECTIONS OF NERVOUS SYSTEM W/O CC/MCC,Medical
97,MDC-01,NON-BACTERIAL INFECT OF NERVOUS SYS EXC VIRAL MENINGITIS W MCC,Medical
98,MDC-01,NON-BACTERIAL INFECT OF NERVOUS SYS EXC VIRAL MENINGITIS W CC,Medical
99,MDC-01,NON-BACTERIAL INFECT OF NERVOUS SYS EXC VIRAL MENINGITIS W/O CC/MCC,Medical
100,MDC-01,SEIZURES W MCC,Medical
101,MDC-01,SEIZURES W/O MCC,Medical
102,MDC-01,HEADACHES W MCC,Medical
103,MDC-01,HEADACHES W/O MCC,Medical
113,MDC-02,ORBITAL PROCEDURES W CC/MCC,Surgical
114,MDC-02,ORBITAL PROCEDURES W/O CC/MCC,Surgical
115,MDC-02,EXTRAOCULAR PROCEDURES EXCEPT ORBIT,Surgical
116,MDC-02,INTRAOCULAR PROCEDURES W CC/MCC,Surgical
117,MDC-02,INTRAOCULAR PROCEDURES W/O CC/MCC,Surgical
121,MDC-02,ACUTE MAJOR EYE INFECTIONS W CC/MCC,Medical
122,MDC-02,ACUTE MAJOR EYE INFECTIONS W/O CC/MCC,Medical
123,MDC-02,NEUROLOGICAL EYE DISORDERS,Medical
124,MDC-02,OTHER DISORDERS OF THE EYE W MCC,Medical
125,MDC-02,OTHER DISORDERS OF THE EYE W/O MCC,Medical
129,MDC-03,MAJOR HEAD & NECK PROCEDURES W CC/MCC OR MAJOR DEVICE,Surgical
130,MDC-03,MAJOR HEAD & NECK PROCEDURES W/O CC/MCC,Surgical
131,MDC-03,CRANIAL/FACIAL PROCEDURES W CC/MCC,Surgical
132,MDC-03,CRANIAL/FACIAL PROCEDURES W/O CC/MCC,Surgical
133,MDC-03,"OTHER EAR, NOSE, MOUTH & THROAT O.R. PROCEDURES W CC/MCC",Surgical
134,MDC-03,"OTHER EAR, NOSE, MOUTH & THROAT O.R. PROCEDURES W/O CC/MCC",Surgical
135,MDC-03,SINUS & MASTOID PROCEDURES W CC/MCC,Surgical
136,MDC-03,SINUS & MASTOID PROCEDURES W/O CC/MCC,Surgical
137,MDC-03,MOUTH PROCEDURES W CC/MCC,Surgical
138,MDC-03,MOUTH PROCEDURES W/O CC/MCC,Surgical
139,MDC-03,SALIVARY GLAND PROCEDURES,Surgical
146,MDC-03,"EAR, NOSE, MOUTH & THROAT MALIGNANCY W MCC",Medical
147,MDC-03,"EAR, NOSE, MOUTH & THROAT MALIGNANCY W CC",Medical
148,MDC-03,"EAR, NOSE, MOUTH & THROAT MALIGNANCY W/O CC/MCC",Medical
149,MDC-03,DYSEQUILIBRIUM,Medical
150,MDC-03,EPISTAXIS W MCC,Medical
151,MDC-03,EPISTAXIS W/O MCC,Medical
152,MDC-03,OTITIS MEDIA & URI W MCC,Medical
153,MDC-03,OTITIS MEDIA & URI W/O MCC,Medical
154,MDC-03,"OTHER EAR, NOSE, MOUTH & THROAT DIAGNOSES W MCC",Medical
155,MDC-03,"OTHER EAR, NOSE, MOUTH & THROAT DIAGNOSES W CC",Medical
156,MDC-03,"OTHER EAR, NOSE, MOUTH & THROAT DIAGNOSES W/O CC/MCC",Medical
157,MDC-03,DENTAL & ORAL DISEASES W MCC,Medical
158,MDC-03,DENTAL & ORAL DISEASES W CC,Medical
159,MDC-03,DENTAL & ORAL DISEASES W/O CC/MCC,Medical
163,MDC-04,MAJOR CHEST PROCEDURES W MCC,Surgical
164,MDC-04,MAJOR CHEST PROCEDURES W CC,Surgical
165,MDC-04,MAJOR CHEST PROCEDURES W/O CC/MCC,Surgical
166,MDC-04,OTHER RESP SYSTEM O.R. PROCEDURES W MCC,Surgical
167,MDC-04,OTHER RESP SYSTEM O.R. PROCEDURES W CC,Surgical
168,MDC-04,OTHER RESP SYSTEM O.R. PROCEDURES W/O CC/MCC,Surgical
207,MDC-04,RESPIRATORY SYSTEM DIAGNOSIS W VENTILATOR SUPPORT >96 HOURS,Medical
208,MDC-04,RESPIRATORY SYSTEM DIAGNOSIS W VENTILATOR SUPPORT <=96 HOURS,Medical
175,MDC-04,PULMONARY EMBOLISM W MCC,Medical
176,MDC-04,PULMONARY EMBOLISM W/O MCC,Medical
177,MDC-04,RESPIRATORY INFECTIONS & INFLAMMATIONS W MCC,Medical
178,MDC-04,RESPIRATORY INFECTIONS & INFLAMMATIONS W CC,Medical
179,MDC-04,RESPIRATORY INFECTIONS & INFLAMMATIONS W/O CC/MCC,Medical
180,MDC-04,RESPIRATORY NEOPLASMS W MCC,Medical
181,MDC-04,RESPIRATORY NEOPLASMS W CC,Medical
182,MDC-04,RESPIRATORY NEOPLASMS W/O CC/MCC,Medical
183,MDC-04,MAJOR CHEST TRAUMA W MCC,Medical
184,MDC-04,MAJOR CHEST TRAUMA W CC,Medical
185,MDC-04,MAJOR CHEST TRAUMA W/O CC/MCC,Medical
186,MDC-04,PLEURAL EFFUSION W MCC,Medical
187,MDC-04,PLEURAL EFFUSION W CC,Medical
188,MDC-04,PLEURAL EFFUSION W/O CC/MCC,Medical
189,MDC-04,PULMONARY EDEMA & RESPIRATORY FAILURE,Medical
190,MDC-04,CHRONIC OBSTRUCTIVE PULMONARY DISEASE W MCC,Medical
191,MDC-04,CHRONIC OBSTRUCTIVE PULMONARY DISEASE W CC,Medical
192,MDC-04,CHRONIC OBSTRUCTIVE PULMONARY DISEASE W/O CC/MCC,Medical
193,MDC-04,SIMPLE PNEUMONIA & PLEURISY W MCC,Medical
194,MDC-04,SIMPLE PNEUMONIA & PLEURISY W CC,Medical
195,MDC-04,SIMPLE PNEUMONIA & PLEURISY W/O CC/MCC,Medical
196,MDC-04,INTERSTITIAL LUNG DISEASE W MCC,Medical
197,MDC-04,INTERSTITIAL LUNG DISEASE W CC,Medical
198,MDC-04,INTERSTITIAL LUNG DISEASE W/O CC/MCC,Medical
199,MDC-04,PNEUMOTHORAX W MCC,Medical
200,MDC-04,PNEUMOTHORAX W CC,Medical
201,MDC-04,PNEUMOTHORAX W/O CC/MCC,Medical
202,MDC-04,BRONCHITIS & ASTHMA W CC/MCC,Medical
203,MDC-04,BRONCHITIS & ASTHMA W/O CC/MCC,Medical
204,MDC-04,RESPIRATORY SIGNS & SYMPTOMS,Medical
205,MDC-04,OTHER RESPIRATORY SYSTEM DIAGNOSES W MCC,Medical
206,MDC-04,OTHER RESPIRATORY SYSTEM DIAGNOSES W/O MCC,Medical
215,MDC-05,OTHER HEART ASSIST SYSTEM IMPLANT,Surgical
216,MDC-05,CARDIAC VALVE & OTH MAJ CARDIOTHORACIC PROC W CARD CATH W MCC,Surgical
217,MDC-05,CARDIAC VALVE & OTH MAJ CARDIOTHORACIC PROC W CARD CATH W CC,Surgical
218,MDC-05,CARDIAC VALVE & OTH MAJ CARDIOTHORACIC PROC W CARD CATH W/O CC/MCC,Surgical
219,MDC-05,CARDIAC VALVE & OTH MAJ CARDIOTHORACIC PROC W/O CARD CATH W MCC,Surgical
220,MDC-05,CARDIAC VALVE & OTH MAJ CARDIOTHORACIC PROC W/O CARD CATH W CC,Surgical
221,MDC-05,CARDIAC VALVE & OTH MAJ CARDIOTHORACIC PROC W/O CARD CATH W/O CC/MCC,Surgical
266,MDC-05,ENDOVASCULAR CARDIAC VALVE REPLACEMENT W MCC,Surgical
267,MDC-05,ENDOVASCULAR CARDIAC VALVE REPLACEMENT W/O MCC,Surgical
222,MDC-05,CARDIAC DEFIB IMPLANT W CARDIAC CATH W AMI/HF/SHOCK W MCC,Surgical
223,MDC-05,CARDIAC DEFIB IMPLANT W CARDIAC CATH W AMI/HF/SHOCK W/O MCC,Surgical
224,MDC-05,CARDIAC DEFIB IMPLANT W CARDIAC CATH W/O AMI/HF/SHOCK W MCC,Surgical
225,MDC-05,CARDIAC DEFIB IMPLANT W CARDIAC CATH W/O AMI/HF/SHOCK W/O MCC,Surgical
226,MDC-05,CARDIAC DEFIBRILLATOR IMPLANT W/O CARDIAC CATH W MCC,Surgical
227,MDC-05,CARDIAC DEFIBRILLATOR IMPLANT W/O CARDIAC CATH W/O MCC,Surgical
228,MDC-05,OTHER CARDIOTHORACIC PROCEDURES W MCC,Surgical
229,MDC-05,OTHER CARDIOTHORACIC PROCEDURES W/O MCC,Surgical
231,MDC-05,CORONARY BYPASS W PTCA W MCC,Surgical
232,MDC-05,CORONARY BYPASS W PTCA W/O MCC,Surgical
233,MDC-05,CORONARY BYPASS W CARDIAC CATH W MCC,Surgical
234,MDC-05,CORONARY BYPASS W CARDIAC CATH W/O MCC,Surgical
268,MDC-05,AORTIC AND HEART ASSIST PROCEDURES EXCEPT PULSATION BALLOON W MCC,Surgical
235,MDC-05,CORONARY BYPASS W/O CARDIAC CATH W MCC,Surgical
236,MDC-05,CORONARY BYPASS W/O CARDIAC CATH W/O MCC,Surgical
269,MDC-05,AORTIC AND HEART ASSIST PROCEDURES EXCEPT PULSATION BALLOON W/O MCC,Surgical
270,MDC-05,OTHER MAJOR CARDIOVASCULAR PROCEDURES W MCC,Surgical
271,MDC-05,OTHER MAJOR CARDIOVASCULAR PROCEDURES W CC,Surgical
272,MDC-05,OTHER MAJOR CARDIOVASCULAR PROCEDURES W/O CC/MCC,Surgical
239,MDC-05,AMPUTATION FOR CIRC SYS DISORDERS EXC UPPER LIMB & TOE W MCC,Surgical
240,MDC-05,AMPUTATION FOR CIRC SYS DISORDERS EXC UPPER LIMB & TOE W CC,Surgical
241,MDC-05,AMPUTATION FOR CIRC SYS DISORDERS EXC UPPER LIMB & TOE W/O CC/MCC,Surgical
242,MDC-05,PERMANENT CARDIAC PACEMAKER IMPLANT W MCC,Surgical
243,MDC-05,PERMANENT CARDIAC PACEMAKER IMPLANT W CC,Surgical
244,MDC-05,PERMANENT CARDIAC PACEMAKER IMPLANT W/O CC/MCC,Surgical
245,MDC-05,AICD GENERATOR PROCEDURES,Surgical
265,MDC-05,AICD LEAD PROCEDURES,Surgical
273,MDC-05,PERCUTANEOUS INTRACARDIAC PROCEDURES W MCC,Surgical
274,MDC-05,PERCUTANEOUS INTRACARDIAC PROCEDURES W/O MCC,Surgical
246,MDC-05,PERCUTANEOUS CARDIOVASCULAR PROCEDURES W DRUG-ELUTING STENT W MCC OR 4+ ARTERIES OR STENTS,Surgical
247,MDC-05,PERC CARDIOVASC PROC W DRUG-ELUTING STENT W/O MCC,Surgical
248,MDC-05,PERCUTANEOUS CARDIOVASCULAR PROCEDURES W NON-DRUG-ELUTING STENT W MCC OR 4+ ARTERIES OR STENTS,Surgical
249,MDC-05,PERC CARDIOVASC PROC W NON-DRUG-ELUTING STENT W/O MCC,Surgical
250,MDC-05,PERC CARDIOVASC PROC W/O CORONARY ARTERY STENT W MCC,Surgical
251,MDC-05,PERC CARDIOVASC PROC W/O CORONARY ARTERY STENT W/O MCC,Surgical
252,MDC-05,OTHER VASCULAR PROCEDURES W MCC,Surgical
253,MDC-05,OTHER VASCULAR PROCEDURES W CC,Surgical
254,MDC-05,OTHER VASCULAR PROCEDURES W/O CC/MCC,Surgical
255,MDC-05,UPPER LIMB & TOE AMPUTATION FOR CIRC SYSTEM DISORDERS W MCC,Surgical
256,MDC-05,UPPER LIMB & TOE AMPUTATION FOR CIRC SYSTEM DISORDERS W CC,Surgical
257,MDC-05,UPPER LIMB & TOE AMPUTATION FOR CIRC SYSTEM DISORDERS W/O CC/MCC,Surgical
258,MDC-05,CARDIAC PACEMAKER DEVICE REPLACEMENT W MCC,Surgical
259,MDC-05,CARDIAC PACEMAKER DEVICE REPLACEMENT W/O MCC,Surgical
260,MDC-05,CARDIAC PACEMAKER REVISION EXCEPT DEVICE REPLACEMENT W MCC,Surgical
261,MDC-05,CARDIAC PACEMAKER REVISION EXCEPT DEVICE REPLACEMENT W CC,Surgical
262,MDC-05,CARDIAC PACEMAKER REVISION EXCEPT DEVICE REPLACEMENT W/O CC/MCC,Surgical
263,MDC-05,VEIN LIGATION & STRIPPING,Surgical
264,MDC-05,OTHER CIRCULATORY SYSTEM O.R. PROCEDURES,Surgical
280,MDC-05,"ACUTE MYOCARDIAL INFARCTION, DISCHARGED ALIVE W MCC",Medical
281,MDC-05,"ACUTE MYOCARDIAL INFARCTION, DISCHARGED ALIVE W CC",Medical
282,MDC-05,"ACUTE MYOCARDIAL INFARCTION, DISCHARGED ALIVE W/O CC/MCC",Medical
283,MDC-05,"ACUTE MYOCARDIAL INFARCTION, EXPIRED W MCC",Medical
284,MDC-05,"ACUTE MYOCARDIAL INFARCTION, EXPIRED W CC",Medical
285,MDC-05,"ACUTE MYOCARDIAL INFARCTION, EXPIRED W/O CC/MCC",Medical
286,MDC-05,"CIRCULATORY DISORDERS EXCEPT AMI, W CARD CATH W MCC",Medical
287,MDC-05,"CIRCULATORY DISORDERS EXCEPT AMI, W CARD CATH W/O MCC",Medical
288,MDC-05,ACUTE & SUBACUTE ENDOCARDITIS W MCC,Medical
289,MDC-05,ACUTE & SUBACUTE ENDOCARDITIS W CC,Medical
290,MDC-05,ACUTE & SUBACUTE ENDOCARDITIS W/O CC/MCC,Medical
291,MDC-05,HEART FAILURE & SHOCK W MCC,Medical
292,MDC-05,HEART FAILURE & SHOCK W CC,Medical
293,MDC-05,HEART FAILURE & SHOCK W/O CC/MCC,Medical
294,MDC-05,DEEP VEIN THROMBOPHLEBITIS W CC/MCC,Medical
295,MDC-05,DEEP VEIN THROMBOPHLEBITIS W/O CC/MCC,Medical
296,MDC-05,"CARDIAC ARREST, UNEXPLAINED W MCC",Medical
297,MDC-05,"CARDIAC ARREST, UNEXPLAINED W CC",Medical
298,MDC-05,"CARDIAC ARREST, UNEXPLAINED W/O CC/MCC",Medical
299,MDC-05,PERIPHERAL VASCULAR DISORDERS W MCC,Medical
300,MDC-05,PERIPHERAL VASCULAR DISORDERS W CC,Medical
301,MDC-05,PERIPHERAL VASCULAR DISORDERS W/O CC/MCC,Medical
302,MDC-05,ATHEROSCLEROSIS W MCC,Medical
303,MDC-05,ATHEROSCLEROSIS W/O MCC,Medical
304,MDC-05,HYPERTENSION W MCC,Medical
305,MDC-05,HYPERTENSION W/O MCC,Medical
306,MDC-05,CARDIAC CONGENITAL & VALVULAR DISORDERS W MCC,Medical
307,MDC-05,CARDIAC CONGENITAL & VALVULAR DISORDERS W/O MCC,Medical
308,MDC-05,CARDIAC ARRHYTHMIA & CONDUCTION DISORDERS W MCC,Medical
309,MDC-05,CARDIAC ARRHYTHMIA & CONDUCTION DISORDERS W CC,Medical
310,MDC-05,CARDIAC ARRHYTHMIA & CONDUCTION DISORDERS W/O CC/MCC,Medical
311,MDC-05,ANGINA PECTORIS,Medical
312,MDC-05,SYNCOPE & COLLAPSE,Medical
313,MDC-05,CHEST PAIN,Medical
314,MDC-05,OTHER CIRCULATORY SYSTEM DIAGNOSES W MCC,Medical
315,MDC-05,OTHER CIRCULATORY SYSTEM DIAGNOSES W CC,Medical
316,MDC-05,OTHER CIRCULATORY SYSTEM DIAGNOSES W/O CC/MCC,Medical
326,MDC-06,"STOMACH, ESOPHAGEAL & DUODENAL PROC W MCC",Surgical
327,MDC-06,"STOMACH, ESOPHAGEAL & DUODENAL PROC W CC",Surgical
328,MDC-06,"STOMACH, ESOPHAGEAL & DUODENAL PROC W/O CC/MCC",Surgical
329,MDC-06,MAJOR SMALL & LARGE BOWEL PROCEDURES W MCC,Surgical
330,MDC-06,MAJOR SMALL & LARGE BOWEL PROCEDURES W CC,Surgical
331,MDC-06,MAJOR SMALL & LARGE BOWEL PROCEDURES W/O CC/MCC,Surgical
332,MDC-06,RECTAL RESECTION W MCC,Surgical
333,MDC-06,RECTAL RESECTION W CC,Surgical
334,MDC-06,RECTAL RESECTION W/O CC/MCC,Surgical
335,MDC-06,PERITONEAL ADHESIOLYSIS W MCC,Surgical
336,MDC-06,PERITONEAL ADHESIOLYSIS W CC,Surgical
337,MDC-06,PERITONEAL ADHESIOLYSIS W/O CC/MCC,Surgical
338,MDC-06,APPENDECTOMY W COMPLICATED PRINCIPAL DIAG W MCC,Surgical
339,MDC-06,APPENDECTOMY W COMPLICATED PRINCIPAL DIAG W CC,Surgical
340,MDC-06,APPENDECTOMY W COMPLICATED PRINCIPAL DIAG W/O CC/MCC,Surgical
341,MDC-06,APPENDECTOMY W/O COMPLICATED PRINCIPAL DIAG W MCC,Surgical
342,MDC-06,APPENDECTOMY W/O COMPLICATED PRINCIPAL DIAG W CC,Surgical
343,MDC-06,APPENDECTOMY W/O COMPLICATED PRINCIPAL DIAG W/O CC/MCC,Surgical
344,MDC-06,MINOR SMALL & LARGE BOWEL PROCEDURES W MCC,Surgical
345,MDC-06,MINOR SMALL & LARGE BOWEL PROCEDURES W CC,Surgical
346,MDC-06,MINOR SMALL & LARGE BOWEL PROCEDURES W/O CC/MCC,Surgical
347,MDC-06,ANAL & STOMAL PROCEDURES W MCC,Surgical
348,MDC-06,ANAL & STOMAL PROCEDURES W CC,Surgical
349,MDC-06,ANAL & STOMAL PROCEDURES W/O CC/MCC,Surgical
350,MDC-06,INGUINAL & FEMORAL HERNIA PROCEDURES W MCC,Surgical
351,MDC-06,INGUINAL & FEMORAL HERNIA PROCEDURES W CC,Surgical
352,MDC-06,INGUINAL & FEMORAL HERNIA PROCEDURES W/O CC/MCC,Surgical
353,MDC-06,HERNIA PROCEDURES EXCEPT INGUINAL & FEMORAL W MCC,Surgical
354,MDC-06,HERNIA PROCEDURES EXCEPT INGUINAL & FEMORAL W CC,Surgical
355,MDC-06,HERNIA PROCEDURES EXCEPT INGUINAL & FEMORAL W/O CC/MCC,Surgical
356,MDC-06,OTHER DIGESTIVE SYSTEM O.R. PROCEDURES W MCC,Surgical
357,MDC-06,OTHER DIGESTIVE SYSTEM O.R. PROCEDURES W CC,Surgical
358,MDC-06,OTHER DIGESTIVE SYSTEM O.R. PROCEDURES W/O CC/MCC,Surgical
368,MDC-06,MAJOR ESOPHAGEAL DISORDERS W MCC,Medical
369,MDC-06,MAJOR ESOPHAGEAL DISORDERS W CC,Medical
370,MDC-06,MAJOR ESOPHAGEAL DISORDERS W/O CC/MCC,Medical
371,MDC-06,MAJOR GASTROINTESTINAL DISORDERS & PERITONEAL INFECTIONS W MCC,Medical
372,MDC-06,MAJOR GASTROINTESTINAL DISORDERS & PERITONEAL INFECTIONS W CC,Medical
373,MDC-06,MAJOR GASTROINTESTINAL DISORDERS & PERITONEAL INFECTIONS W/O CC/MCC,Medical
374,MDC-06,DIGESTIVE MALIGNANCY W MCC,Medical
375,MDC-06,DIGESTIVE MALIGNANCY W CC,Medical
376,MDC-06,DIGESTIVE MALIGNANCY W/O CC/MCC,Medical
377,MDC-06,G.I. HEMORRHAGE W MCC,Medical
378,MDC-06,G.I. HEMORRHAGE W CC,Medical
379,MDC-06,G.I. HEMORRHAGE W/O CC/MCC,Medical
380,MDC-06,COMPLICATED PEPTIC ULCER W MCC,Medical
381,MDC-06,COMPLICATED PEPTIC ULCER W CC,Medical
382,MDC-06,COMPLICATED PEPTIC ULCER W/O CC/MCC,Medical
383,MDC-06,UNCOMPLICATED PEPTIC ULCER W MCC,Medical
384,MDC-06,UNCOMPLICATED PEPTIC ULCER W/O MCC,Medical
385,MDC-06,INFLAMMATORY BOWEL DISEASE W MCC,Medical
386,MDC-06,INFLAMMATORY BOWEL DISEASE W CC,Medical
387,MDC-06,INFLAMMATORY BOWEL DISEASE W/O CC/MCC,Medical
388,MDC-06,G.I. OBSTRUCTION W MCC,Medical
389,MDC-06,G.I. OBSTRUCTION W CC,Medical
390,MDC-06,G.I. OBSTRUCTION W/O CC/MCC,Medical
391,MDC-06,"ESOPHAGITIS, GASTROENT & MISC DIGEST DISORDERS W MCC",Medical
392,MDC-06,"ESOPHAGITIS, GASTROENT & MISC DIGEST DISORDERS W/O MCC",Medical
393,MDC-06,OTHER DIGESTIVE SYSTEM DIAGNOSES W MCC,Medical
394,MDC-06,OTHER DIGESTIVE SYSTEM DIAGNOSES W CC,Medical
395,MDC-06,OTHER DIGESTIVE SYSTEM DIAGNOSES W/O CC/MCC,Medical
405,MDC-07,"PANCREAS, LIVER & SHUNT PROCEDURES W MCC",Surgical
406,MDC-07,"PANCREAS, LIVER & SHUNT PROCEDURES W CC",Surgical
407,MDC-07,"PANCREAS, LIVER & SHUNT PROCEDURES W/O CC/MCC",Surgical
408,MDC-07,BILIARY TRACT PROC EXCEPT ONLY CHOLECYST W OR W/O C.D.E. W MCC,Surgical
409,MDC-07,BILIARY TRACT PROC EXCEPT ONLY CHOLECYST W OR W/O C.D.E. W CC,Surgical
410,MDC-07,BILIARY TRACT PROC EXCEPT ONLY CHOLECYST W OR W/O C.D.E. W/O CC/MCC,Surgical
411,MDC-07,CHOLECYSTECTOMY W C.D.E. W MCC,Surgical
412,MDC-07,CHOLECYSTECTOMY W C.D.E. W CC,Surgical
413,MDC-07,CHOLECYSTECTOMY W C.D.E. W/O CC/MCC,Surgical
414,MDC-07,CHOLECYSTECTOMY EXCEPT BY LAPAROSCOPE W/O C.D.E. W MCC,Surgical
415,MDC-07,CHOLECYSTECTOMY EXCEPT BY LAPAROSCOPE W/O C.D.E. W CC,Surgical
416,MDC-07,CHOLECYSTECTOMY EXCEPT BY LAPAROSCOPE W/O C.D.E. W/O CC/MCC,Surgical
417,MDC-07,LAPAROSCOPIC CHOLECYSTECTOMY W/O C.D.E. W MCC,Surgical
418,MDC-07,LAPAROSCOPIC CHOLECYSTECTOMY W/O C.D.E. W CC,Surgical
419,MDC-07,LAPAROSCOPIC CHOLECYSTECTOMY W/O C.D.E. W/O CC/MCC,Surgical
420,MDC-07,HEPATOBILIARY DIAGNOSTIC PROCEDURES W MCC,Surgical
421,MDC-07,HEPATOBILIARY DIAGNOSTIC PROCEDURES W CC,Surgical
422,MDC-07,HEPATOBILIARY DIAGNOSTIC PROCEDURES W/O CC/MCC,Surgical
423,MDC-07,OTHER HEPATOBILIARY OR PANCREAS O.R. PROCEDURES W MCC,Surgical
424,MDC-07,OTHER HEPATOBILIARY OR PANCREAS O.R. PROCEDURES W CC,Surgical
425,MDC-07,OTHER HEPATOBILIARY OR PANCREAS O.R. PROCEDURES W/O CC/MCC,Surgical
432,MDC-07,CIRRHOSIS & ALCOHOLIC HEPATITIS W MCC,Medical
433,MDC-07,CIRRHOSIS & ALCOHOLIC HEPATITIS W CC,Medical
434,MDC-07,CIRRHOSIS & ALCOHOLIC HEPATITIS W/O CC/MCC,Medical
435,MDC-07,MALIGNANCY OF HEPATOBILIARY SYSTEM OR PANCREAS W MCC,Medical
436,MDC-07,MALIGNANCY OF HEPATOBILIARY SYSTEM OR PANCREAS W CC,Medical
437,MDC-07,MALIGNANCY OF HEPATOBILIARY SYSTEM OR PANCREAS W/O CC/MCC,Medical
438,MDC-07,DISORDERS OF PANCREAS EXCEPT MALIGNANCY W MCC,Medical
439,MDC-07,DISORDERS OF PANCREAS EXCEPT MALIGNANCY W CC,Medical
440,MDC-07,DISORDERS OF PANCREAS EXCEPT MALIGNANCY W/O CC/MCC,Medical
441,MDC-07,"DISORDERS OF LIVER EXCEPT MALIG,CIRR,ALC HEPA W MCC",Medical
442,MDC-07,"DISORDERS OF LIVER EXCEPT MALIG,CIRR,ALC HEPA W CC",Medical
443,MDC-07,"DISORDERS OF LIVER EXCEPT MALIG,CIRR,ALC HEPA W/O CC/MCC",Medical
444,MDC-07,DISORDERS OF THE BILIARY TRACT W MCC,Medical
445,MDC-07,DISORDERS OF THE BILIARY TRACT W CC,Medical
446,MDC-07,DISORDERS OF THE BILIARY TRACT W/O CC/MCC,Medical
453,MDC-08,COMBINED ANTERIOR/POSTERIOR SPINAL FUSION W MCC,Surgical
454,MDC-08,COMBINED ANTERIOR/POSTERIOR SPINAL FUSION W CC,Surgical
455,MDC-08,COMBINED ANTERIOR/POSTERIOR SPINAL FUSION W/O CC/MCC,Surgical
456,MDC-08,SPINAL FUS EXC CERV W SPINAL CURV/MALIG/INFEC OR EXT FUS W MCC,Surgical
457,MDC-08,SPINAL FUS EXC CERV W SPINAL CURV/MALIG/INFEC OR EXT FUS W CC,Surgical
458,MDC-08,SPINAL FUS EXC CERV W SPINAL CURV/MALIG/INFEC OR EXT FUS W/O CC/MCC,Surgical
459,MDC-08,SPINAL FUSION EXCEPT CERVICAL W MCC,Surgical
460,MDC-08,SPINAL FUSION EXCEPT CERVICAL W/O MCC,Surgical
461,MDC-08,BILATERAL OR MULTIPLE MAJOR JOINT PROCS OF LOWER EXTREMITY W MCC,Surgical
462,MDC-08,BILATERAL OR MULTIPLE MAJOR JOINT PROCS OF LOWER EXTREMITY W/O MCC,Surgical
463,MDC-08,"WND DEBRID & SKN GRFT EXC HAND, FOR MUSCULO-CONN TISS DIS W MCC",Surgical
464,MDC-08,"WND DEBRID & SKN GRFT EXC HAND, FOR MUSCULO-CONN TISS DIS W CC",Surgical
465,MDC-08,"WND DEBRID & SKN GRFT EXC HAND, FOR MUSCULO-CONN TISS DIS W/O CC/MCC",Surgical
466,MDC-08,REVISION OF HIP OR KNEE REPLACEMENT W MCC,Surgical
467,MDC-08,REVISION OF HIP OR KNEE REPLACEMENT W CC,Surgical
468,MDC-08,REVISION OF HIP OR KNEE REPLACEMENT W/O CC/MCC,Surgical
469,MDC-08,MAJOR HIP AND KNEE JOINT REPLACEMENT OR REATTACHMENT OF LOWER EXTREMITY W MCC OR TOTAL ANKLE REPLACEMENT,Surgical
470,MDC-08,MAJOR HIP AND KNEE JOINT REPLACEMENT OR REATTACHMENT OF LOWER EXTREMITY W/O MCC,Surgical
471,MDC-08,CERVICAL SPINAL FUSION W MCC,Surgical
472,MDC-08,CERVICAL SPINAL FUSION W CC,Surgical
473,MDC-08,CERVICAL SPINAL FUSION W/O CC/MCC,Surgical
474,MDC-08,AMPUTATION FOR MUSCULOSKELETAL SYS & CONN TISSUE DIS W MCC,Surgical
475,MDC-08,AMPUTATION FOR MUSCULOSKELETAL SYS & CONN TISSUE DIS W CC,Surgical
476,MDC-08,AMPUTATION FOR MUSCULOSKELETAL SYS & CONN TISSUE DIS W/O CC/MCC,Surgical
477,MDC-08,BIOPSIES OF MUSCULOSKELETAL SYSTEM & CONNECTIVE TISSUE W MCC,Surgical
478,MDC-08,BIOPSIES OF MUSCULOSKELETAL SYSTEM & CONNECTIVE TISSUE W CC,Surgical
479,MDC-08,BIOPSIES OF MUSCULOSKELETAL SYSTEM & CONNECTIVE TISSUE W/O CC/MCC,Surgical
480,MDC-08,HIP & FEMUR PROCEDURES EXCEPT MAJOR JOINT W MCC,Surgical
481,MDC-08,HIP & FEMUR PROCEDURES EXCEPT MAJOR JOINT W CC,Surgical
482,MDC-08,HIP & FEMUR PROCEDURES EXCEPT MAJOR JOINT W/O CC/MCC,Surgical
483,MDC-08,MAJOR JOINT/LIMB REATTACHMENT PROCEDURE OF UPPER EXTREMITIES,Surgical
485,MDC-08,KNEE PROCEDURES W PDX OF INFECTION W MCC,Surgical
486,MDC-08,KNEE PROCEDURES W PDX OF INFECTION W CC,Surgical
487,MDC-08,KNEE PROCEDURES W PDX OF INFECTION W/O CC/MCC,Surgical
488,MDC-08,KNEE PROCEDURES W/O PDX OF INFECTION W CC/MCC,Surgical
489,MDC-08,KNEE PROCEDURES W/O PDX OF INFECTION W/O CC/MCC,Surgical
518,MDC-08,BACK & NECK PROC EXC SPINAL FUSION W MCC OR DISC DEVICE/NEUROSTIM,Surgical
519,MDC-08,BACK & NECK PROC EXC SPINAL FUSION W CC,Surgical
520,MDC-08,BACK & NECK PROC EXC SPINAL FUSION W/O CC/MCC,Surgical
492,MDC-08,"LOWER EXTREM & HUMER PROC EXCEPT HIP,FOOT,FEMUR W MCC",Surgical
493,MDC-08,"LOWER EXTREM & HUMER PROC EXCEPT HIP,FOOT,FEMUR W CC",Surgical
494,MDC-08,"LOWER EXTREM & HUMER PROC EXCEPT HIP,FOOT,FEMUR W/O CC/MCC",Surgical
495,MDC-08,LOCAL EXCISION & REMOVAL INT FIX DEVICES EXC HIP & FEMUR W MCC,Surgical
496,MDC-08,LOCAL EXCISION & REMOVAL INT FIX DEVICES EXC HIP & FEMUR W CC,Surgical
497,MDC-08,LOCAL EXCISION & REMOVAL INT FIX DEVICES EXC HIP & FEMUR W/O CC/MCC,Surgical
498,MDC-08,LOCAL EXCISION & REMOVAL INT FIX DEVICES OF HIP & FEMUR W CC/MCC,Surgical
499,MDC-08,LOCAL EXCISION & REMOVAL INT FIX DEVICES OF HIP & FEMUR W/O CC/MCC,Surgical
500,MDC-08,SOFT TISSUE PROCEDURES W MCC,Surgical
501,MDC-08,SOFT TISSUE PROCEDURES W CC,Surgical
502,MDC-08,SOFT TISSUE PROCEDURES W/O CC/MCC,Surgical
503,MDC-08,FOOT PROCEDURES W MCC,Surgical
504,MDC-08,FOOT PROCEDURES W CC,Surgical
505,MDC-08,FOOT PROCEDURES W/O CC/MCC,Surgical
506,MDC-08,MAJOR THUMB OR JOINT PROCEDURES,Surgical
507,MDC-08,MAJOR SHOULDER OR ELBOW JOINT PROCEDURES W CC/MCC,Surgical
508,MDC-08,MAJOR SHOULDER OR ELBOW JOINT PROCEDURES W/O CC/MCC,Surgical
509,MDC-08,ARTHROSCOPY,Surgical
510,MDC-08,"SHOULDER,ELBOW OR FOREARM PROC,EXC MAJOR JOINT PROC W MCC",Surgical
511,MDC-08,"SHOULDER,ELBOW OR FOREARM PROC,EXC MAJOR JOINT PROC W CC",Surgical
512,MDC-08,"SHOULDER,ELBOW OR FOREARM PROC,EXC MAJOR JOINT PROC W/O CC/MCC",Surgical
513,MDC-08,"HAND OR WRIST PROC, EXCEPT MAJOR THUMB OR JOINT PROC W CC/MCC",Surgical
514,MDC-08,"HAND OR WRIST PROC, EXCEPT MAJOR THUMB OR JOINT PROC W/O CC/MCC",Surgical
515,MDC-08,OTHER MUSCULOSKELET SYS & CONN TISS O.R. PROC W MCC,Surgical
516,MDC-08,OTHER MUSCULOSKELET SYS & CONN TISS O.R. PROC W CC,Surgical
517,MDC-08,OTHER MUSCULOSKELET SYS & CONN TISS O.R. PROC W/O CC/MCC,Surgical
533,MDC-08,FRACTURES OF FEMUR W MCC,Medical
534,MDC-08,FRACTURES OF FEMUR W/O MCC,Medical
535,MDC-08,FRACTURES OF HIP & PELVIS W MCC,Medical
536,MDC-08,FRACTURES OF HIP & PELVIS W/O MCC,Medical
537,MDC-08,"SPRAINS, STRAINS, & DISLOCATIONS OF HIP, PELVIS & THIGH W CC/MCC",Medical
538,MDC-08,"SPRAINS, STRAINS, & DISLOCATIONS OF HIP, PELVIS & THIGH W/O CC/MCC",Medical
539,MDC-08,OSTEOMYELITIS W MCC,Medical
540,MDC-08,OSTEOMYELITIS W CC,Medical
541,MDC-08,OSTEOMYELITIS W/O CC/MCC,Medical
542,MDC-08,PATHOLOGICAL FRACTURES & MUSCULOSKELET & CONN TISS MALIG W MCC,Medical
543,MDC-08,PATHOLOGICAL FRACTURES & MUSCULOSKELET & CONN TISS MALIG W CC,Medical
544,MDC-08,PATHOLOGICAL FRACTURES & MUSCULOSKELET & CONN TISS MALIG W/O CC/MCC,Medical
545,MDC-08,CONNECTIVE TISSUE DISORDERS W MCC,Medical
546,MDC-08,CONNECTIVE TISSUE DISORDERS W CC,Medical
547,MDC-08,CONNECTIVE TISSUE DISORDERS W/O CC/MCC,Medical
548,MDC-08,SEPTIC ARTHRITIS W MCC,Medical
549,MDC-08,SEPTIC ARTHRITIS W CC,Medical
550,MDC-08,SEPTIC ARTHRITIS W/O CC/MCC,Medical
551,MDC-08,MEDICAL BACK PROBLEMS W MCC,Medical
552,MDC-08,MEDICAL BACK PROBLEMS W/O MCC,Medical
553,MDC-08,BONE DISEASES & ARTHROPATHIES W MCC,Medical
554,MDC-08,BONE DISEASES & ARTHROPATHIES W/O MCC,Medical
555,MDC-08,SIGNS & SYMPTOMS OF MUSCULOSKELETAL SYSTEM & CONN TISSUE W MCC,Medical
556,MDC-08,SIGNS & SYMPTOMS OF MUSCULOSKELETAL SYSTEM & CONN TISSUE W/O MCC,Medical
557,MDC-08,"TENDONITIS, MYOSITIS & BURSITIS W MCC",Medical
558,MDC-08,"TENDONITIS, MYOSITIS & BURSITIS W/O MCC",Medical
559,MDC-08,"AFTERCARE, MUSCULOSKELETAL SYSTEM & CONNECTIVE TISSUE W MCC",Medical
560,MDC-08,"AFTERCARE, MUSCULOSKELETAL SYSTEM & CONNECTIVE TISSUE W CC",Medical
561,MDC-08,"AFTERCARE, MUSCULOSKELETAL SYSTEM & CONNECTIVE TISSUE W/O CC/MCC",Medical
562,MDC-08,"FX, SPRN, STRN & DISL EXCEPT FEMUR, HIP, PELVIS & THIGH W MCC",Medical
563,MDC-08,"FX, SPRN, STRN & DISL EXCEPT FEMUR, HIP, PELVIS & THIGH W/O MCC",Medical
564,MDC-08,OTHER MUSCULOSKELETAL SYS & CONNECTIVE TISSUE DIAGNOSES W MCC,Medical
565,MDC-08,OTHER MUSCULOSKELETAL SYS & CONNECTIVE TISSUE DIAGNOSES W CC,Medical
566,MDC-08,OTHER MUSCULOSKELETAL SYS & CONNECTIVE TISSUE DIAGNOSES W/O CC/MCC,Medical
573,MDC-09,SKIN GRAFT FOR SKIN ULCER OR CELLULITIS W MCC,Surgical
574,MDC-09,SKIN GRAFT FOR SKIN ULCER OR CELLULITIS W CC,Surgical
575,MDC-09,SKIN GRAFT FOR SKIN ULCER OR CELLULITIS W/O CC/MCC,Surgical
576,MDC-09,SKIN GRAFT EXC FOR SKIN ULCER OR CELLULITIS W MCC,Surgical
577,MDC-09,SKIN GRAFT EXC FOR SKIN ULCER OR CELLULITIS W CC,Surgical
578,MDC-09,SKIN GRAFT EXC FOR SKIN ULCER OR CELLULITIS W/O CC/MCC,Surgical
570,MDC-09,SKIN DEBRIDEMENT W MCC,Surgical
571,MDC-09,SKIN DEBRIDEMENT W CC,Surgical
572,MDC-09,SKIN DEBRIDEMENT W/O CC/MCC,Surgical
579,MDC-09,"OTHER SKIN, SUBCUT TISS & BREAST PROC W MCC",Surgical
580,MDC-09,"OTHER SKIN, SUBCUT TISS & BREAST PROC W CC",Surgical
581,MDC-09,"OTHER SKIN, SUBCUT TISS & BREAST PROC W/O CC/MCC",Surgical
582,MDC-09,MASTECTOMY FOR MALIGNANCY W CC/MCC,Surgical
583,MDC-09,MASTECTOMY FOR MALIGNANCY W/O CC/MCC,Surgical
584,MDC-09,"BREAST BIOPSY, LOCAL EXCISION & OTHER BREAST PROCEDURES W CC/MCC",Surgical
585,MDC-09,"BREAST BIOPSY, LOCAL EXCISION & OTHER BREAST PROCEDURES W/O CC/MCC",Surgical
592,MDC-09,SKIN ULCERS W MCC,Medical
593,MDC-09,SKIN ULCERS W CC,Medical
594,MDC-09,SKIN ULCERS W/O CC/MCC,Medical
595,MDC-09,MAJOR SKIN DISORDERS W MCC,Medical
596,MDC-09,MAJOR SKIN DISORDERS W/O MCC,Medical
597,MDC-09,MALIGNANT BREAST DISORDERS W MCC,Medical
598,MDC-09,MALIGNANT BREAST DISORDERS W CC,Medical
599,MDC-09,MALIGNANT BREAST DISORDERS W/O CC/MCC,Medical
600,MDC-09,NON-MALIGNANT BREAST DISORDERS W CC/MCC,Medical
601,MDC-09,NON-MALIGNANT BREAST DISORDERS W/O CC/MCC,Medical
602,MDC-09,CELLULITIS W MCC,Medical
603,MDC-09,CELLULITIS W/O MCC,Medical
604,MDC-09,"TRAUMA TO THE SKIN, SUBCUT TISS & BREAST W MCC",Medical
605,MDC-09,"TRAUMA TO THE SKIN, SUBCUT TISS & BREAST W/O MCC",Medical
606,MDC-09,MINOR SKIN DISORDERS W MCC,Medical
607,MDC-09,MINOR SKIN DISORDERS W/O MCC,Medical
616,MDC-10,"AMPUTAT OF LOWER LIMB FOR ENDOCRINE,NUTRIT,& METABOL DIS W MCC",Surgical
617,MDC-10,"AMPUTAT OF LOWER LIMB FOR ENDOCRINE,NUTRIT,& METABOL DIS W CC",Surgical
618,MDC-10,"AMPUTAT OF LOWER LIMB FOR ENDOCRINE,NUTRIT,& METABOL DIS W/O CC/MCC",Surgical
619,MDC-10,O.R. PROCEDURES FOR OBESITY W MCC,Surgical
620,MDC-10,O.R. PROCEDURES FOR OBESITY W CC,Surgical
621,MDC-10,O.R. PROCEDURES FOR OBESITY W/O CC/MCC,Surgical
614,MDC-10,ADRENAL & PITUITARY PROCEDURES W CC/MCC,Surgical
615,MDC-10,ADRENAL & PITUITARY PROCEDURES W/O CC/MCC,Surgical
622,MDC-10,"SKIN GRAFTS & WOUND DEBRID FOR ENDOC, NUTRIT & METAB DIS W MCC",Surgical
623,MDC-10,"SKIN GRAFTS & WOUND DEBRID FOR ENDOC, NUTRIT & METAB DIS W CC",Surgical
624,MDC-10,"SKIN GRAFTS & WOUND DEBRID FOR ENDOC, NUTRIT & METAB DIS W/O CC/MCC",Surgical
625,MDC-10,"THYROID, PARATHYROID & THYROGLOSSAL PROCEDURES W MCC",Surgical
626,MDC-10,"THYROID, PARATHYROID & THYROGLOSSAL PROCEDURES W CC",Surgical
627,MDC-10,"THYROID, PARATHYROID & THYROGLOSSAL PROCEDURES W/O CC/MCC",Surgical
628,MDC-10,"OTHER ENDOCRINE, NUTRIT & METAB O.R. PROC W MCC",Surgical
629,MDC-10,"OTHER ENDOCRINE, NUTRIT & METAB O.R. PROC W CC",Surgical
630,MDC-10,"OTHER ENDOCRINE, NUTRIT & METAB O.R. PROC W/O CC/MCC",Surgical
637,MDC-10,DIABETES W MCC,Medical
638,MDC-10,DIABETES W CC,Medical
639,MDC-10,DIABETES W/O CC/MCC,Medical
640,MDC-10,"MISC DISORDERS OF NUTRITION,METABOLISM,FLUIDS/ELECTROLYTES W MCC",Medical
641,MDC-10,"MISC DISORDERS OF NUTRITION,METABOLISM,FLUIDS/ELECTROLYTES W/O MCC",Medical
642,MDC-10,INBORN AND OTHER DISORDERS OF METABOLISM,Medical
643,MDC-10,ENDOCRINE DISORDERS W MCC,Medical
644,MDC-10,ENDOCRINE DISORDERS W CC,Medical
645,MDC-10,ENDOCRINE DISORDERS W/O CC/MCC,Medical
652,MDC-11,KIDNEY TRANSPLANT,Surgical
653,MDC-11,MAJOR BLADDER PROCEDURES W MCC,Surgical
654,MDC-11,MAJOR BLADDER PROCEDURES W CC,Surgical
655,MDC-11,MAJOR BLADDER PROCEDURES W/O CC/MCC,Surgical
656,MDC-11,KIDNEY & URETER PROCEDURES FOR NEOPLASM W MCC,Surgical
657,MDC-11,KIDNEY & URETER PROCEDURES FOR NEOPLASM W CC,Surgical
658,MDC-11,KIDNEY & URETER PROCEDURES FOR NEOPLASM W/O CC/MCC,Surgical
659,MDC-11,KIDNEY & URETER PROCEDURES FOR NON-NEOPLASM W MCC,Surgical
660,MDC-11,KIDNEY & URETER PROCEDURES FOR NON-NEOPLASM W CC,Surgical
661,MDC-11,KIDNEY & URETER PROCEDURES FOR NON-NEOPLASM W/O CC/MCC,Surgical
662,MDC-11,MINOR BLADDER PROCEDURES W MCC,Surgical
663,MDC-11,MINOR BLADDER PROCEDURES W CC,Surgical
664,MDC-11,MINOR BLADDER PROCEDURES W/O CC/MCC,Surgical
665,MDC-11,PROSTATECTOMY W MCC,Surgical
666,MDC-11,PROSTATECTOMY W CC,Surgical
667,MDC-11,PROSTATECTOMY W/O CC/MCC,Surgical
668,MDC-11,TRANSURETHRAL PROCEDURES W MCC,Surgical
669,MDC-11,TRANSURETHRAL PROCEDURES W CC,Surgical
670,MDC-11,TRANSURETHRAL PROCEDURES W/O CC/MCC,Surgical
671,MDC-11,URETHRAL PROCEDURES W CC/MCC,Surgical
672,MDC-11,URETHRAL PROCEDURES W/O CC/MCC,Surgical
673,MDC-11,OTHER KIDNEY & URINARY TRACT PROCEDURES W MCC,Surgical
674,MDC-11,OTHER KIDNEY & URINARY TRACT PROCEDURES W CC,Surgical
675,MDC-11,OTHER KIDNEY & URINARY TRACT PROCEDURES W/O CC/MCC,Surgical
691,MDC-12,URINARY STONES W ESW LITHOTRIPSY W CC/MCC,Medical
692,MDC-12,URINARY STONES W ESW LITHOTRIPSY W/O CC/MCC,Medical
693,MDC-12,URINARY STONES W/O ESW LITHOTRIPSY W MCC,Medical
694,MDC-12,URINARY STONES W/O ESW LITHOTRIPSY W/O MCC,Medical
682,MDC-12,RENAL FAILURE W MCC,Medical
683,MDC-12,RENAL FAILURE W CC,Medical
684,MDC-12,RENAL FAILURE W/O CC/MCC,Medical
685,MDC-12,ADMIT FOR RENAL DIALYSIS,Medical
686,MDC-12,KIDNEY & URINARY TRACT NEOPLASMS W MCC,Medical
687,MDC-12,KIDNEY & URINARY TRACT NEOPLASMS W CC,Medical
688,MDC-12,KIDNEY & URINARY TRACT NEOPLASMS W/O CC/MCC,Medical
689,MDC-12,KIDNEY & URINARY TRACT INFECTIONS W MCC,Medical
690,MDC-12,KIDNEY & URINARY TRACT INFECTIONS W/O MCC,Medical
695,MDC-12,KIDNEY & URINARY TRACT SIGNS & SYMPTOMS W MCC,Medical
696,MDC-12,KIDNEY & URINARY TRACT SIGNS & SYMPTOMS W/O MCC,Medical
697,MDC-12,URETHRAL STRICTURE,Medical
698,MDC-12,OTHER KIDNEY & URINARY TRACT DIAGNOSES W MCC,Medical
699,MDC-12,OTHER KIDNEY & URINARY TRACT DIAGNOSES W CC,Medical
700,MDC-12,OTHER KIDNEY & URINARY TRACT DIAGNOSES W/O CC/MCC,Medical
707,MDC-13,MAJOR MALE PELVIC PROCEDURES W CC/MCC,Surgical
708,MDC-13,MAJOR MALE PELVIC PROCEDURES W/O CC/MCC,Surgical
709,MDC-13,PENIS PROCEDURES W CC/MCC,Surgical
710,MDC-13,PENIS PROCEDURES W/O CC/MCC,Surgical
711,MDC-13,TESTES PROCEDURES W CC/MCC,Surgical
712,MDC-13,TESTES PROCEDURES W/O CC/MCC,Surgical
713,MDC-13,TRANSURETHRAL PROSTATECTOMY W CC/MCC,Surgical
714,MDC-13,TRANSURETHRAL PROSTATECTOMY W/O CC/MCC,Surgical
715,MDC-13,OTHER MALE REPRODUCTIVE SYSTEM O.R. PROC FOR MALIGNANCY W CC/MCC,Surgical
716,MDC-13,OTHER MALE REPRODUCTIVE SYSTEM O.R. PROC FOR MALIGNANCY W/O CC/MCC,Surgical
717,MDC-13,OTHER MALE REPRODUCTIVE SYSTEM O.R. PROC EXC MALIGNANCY W CC/MCC,Surgical
718,MDC-13,OTHER MALE REPRODUCTIVE SYSTEM O.R. PROC EXC MALIGNANCY W/O CC/MCC,Surgical
722,MDC-13,"MALIGNANCY, MALE REPRODUCTIVE SYSTEM W MCC",Medical
723,MDC-13,"MALIGNANCY, MALE REPRODUCTIVE SYSTEM W CC",Medical
724,MDC-13,"MALIGNANCY, MALE REPRODUCTIVE SYSTEM W/O CC/MCC",Medical
725,MDC-13,BENIGN PROSTATIC HYPERTROPHY W MCC,Medical
726,MDC-13,BENIGN PROSTATIC HYPERTROPHY W/O MCC,Medical
727,MDC-13,INFLAMMATION OF THE MALE REPRODUCTIVE SYSTEM W MCC,Medical
728,MDC-13,INFLAMMATION OF THE MALE REPRODUCTIVE SYSTEM W/O MCC,Medical
729,MDC-13,OTHER MALE REPRODUCTIVE SYSTEM DIAGNOSES W CC/MCC,Medical
730,MDC-13,OTHER MALE REPRODUCTIVE SYSTEM DIAGNOSES W/O CC/MCC,Medical
765,MDC-14,CESAREAN SECTION W CC/MCC,Surgical
766,MDC-14,CESAREAN SECTION W/O CC/MCC,Surgical
769,MDC-14,POSTPARTUM & POST ABORTION DIAGNOSES W O.R. PROCEDURE,Surgical
770,MDC-14,"ABORTION W D&C, ASPIRATION CURETTAGE OR HYSTEROTOMY",Surgical
767,MDC-14,VAGINAL DELIVERY W STERILIZATION &/OR D&C,Surgical
768,MDC-14,VAGINAL DELIVERY W O.R. PROC EXCEPT STERIL &/OR D&C,Surgical
777,MDC-14,ECTOPIC PREGNANCY,Medical
778,MDC-14,THREATENED ABORTION,Medical
779,MDC-14,ABORTION W/O D&C,Medical
780,MDC-14,FALSE LABOR,Medical
775,MDC-14,VAGINAL DELIVERY W/O COMPLICATING DIAGNOSES,Medical
776,MDC-14,POSTPARTUM & POST ABORTION DIAGNOSES W/O O.R. PROCEDURE,Medical
781,MDC-14,OTHER ANTEPARTUM DIAGNOSES W MEDICAL COMPLICATIONS,Medical
782,MDC-14,OTHER ANTEPARTUM DIAGNOSES W/O MEDICAL COMPLICATIONS,Medical
774,MDC-14,VAGINAL DELIVERY W COMPLICATING DIAGNOSES,Medical
789,MDC-15,"NEONATES, DIED OR TRANSFERRED TO ANOTHER ACUTE CARE FACILITY",Medical
795,MDC-15,NORMAL NEWBORN,Medical
790,MDC-15,"EXTREME IMMATURITY OR RESPIRATORY DISTRESS SYNDROME, NEONATE",Medical
791,MDC-15,PREMATURITY W MAJOR PROBLEMS,Medical
792,MDC-15,PREMATURITY W/O MAJOR PROBLEMS,Medical
793,MDC-15,FULL TERM NEONATE W MAJOR PROBLEMS,Medical
794,MDC-15,NEONATE W OTHER SIGNIFICANT PROBLEMS,Medical
799,MDC-16,SPLENECTOMY W MCC,Surgical
800,MDC-16,SPLENECTOMY W CC,Surgical
801,MDC-16,SPLENECTOMY W/O CC/MCC,Surgical
802,MDC-16,OTHER O.R. PROC OF THE BLOOD & BLOOD FORMING ORGANS W MCC,Surgical
803,MDC-16,OTHER O.R. PROC OF THE BLOOD & BLOOD FORMING ORGANS W CC,Surgical
804,MDC-16,OTHER O.R. PROC OF THE BLOOD & BLOOD FORMING ORGANS W/O CC/MCC,Surgical
808,MDC-16,MAJOR HEMATOL/IMMUN DIAG EXC SICKLE CELL CRISIS & COAGUL W MCC,Medical
809,MDC-16,MAJOR HEMATOL/IMMUN DIAG EXC SICKLE CELL CRISIS & COAGUL W CC,Medical
810,MDC-16,MAJOR HEMATOL/IMMUN DIAG EXC SICKLE CELL CRISIS & COAGUL W/O CC/MCC,Medical
811,MDC-16,RED BLOOD CELL DISORDERS W MCC,Medical
812,MDC-16,RED BLOOD CELL DISORDERS W/O MCC,Medical
813,MDC-16,COAGULATION DISORDERS,Medical
814,MDC-16,RETICULOENDOTHELIAL & IMMUNITY DISORDERS W MCC,Medical
815,MDC-16,RETICULOENDOTHELIAL & IMMUNITY DISORDERS W CC,Medical
816,MDC-16,RETICULOENDOTHELIAL & IMMUNITY DISORDERS W/O CC/MCC,Medical
820,MDC-17,LYMPHOMA & LEUKEMIA W MAJOR O.R. PROCEDURE W MCC,Surgical
821,MDC-17,LYMPHOMA & LEUKEMIA W MAJOR O.R. PROCEDURE W CC,Surgical
822,MDC-17,LYMPHOMA & LEUKEMIA W MAJOR O.R. PROCEDURE W/O CC/MCC,Surgical
823,MDC-17,LYMPHOMA & NON-ACUTE LEUKEMIA W OTHER PROC W MCC,Surgical
824,MDC-17,LYMPHOMA & NON-ACUTE LEUKEMIA W OTHER PROC W CC,Surgical
825,MDC-17,LYMPHOMA & NON-ACUTE LEUKEMIA W OTHER PROC W/O CC/MCC,Surgical
826,MDC-17,MYELOPROLIF DISORD OR POORLY DIFF NEOPL W MAJ O.R. PROC W MCC,Surgical
827,MDC-17,MYELOPROLIF DISORD OR POORLY DIFF NEOPL W MAJ O.R. PROC W CC,Surgical
828,MDC-17,MYELOPROLIF DISORD OR POORLY DIFF NEOPL W MAJ O.R. PROC W/O CC/MCC,Surgical
829,MDC-17,MYELOPROLIFERATIVE DISORDERS OR POORLY DIFFERENTIATED NEOPLASMS W OTHER PROCEDURE W CC/MCC,Surgical
830,MDC-17,MYELOPROLIFERATIVE DISORDERS OR POORLY DIFFERENTIATED NEOPLASMS W OTHER PROCEDURE W/O CC/MCC,Surgical
834,MDC-17,ACUTE LEUKEMIA W/O MAJOR O.R. PROCEDURE W MCC,Medical
835,MDC-17,ACUTE LEUKEMIA W/O MAJOR O.R. PROCEDURE W CC,Medical
836,MDC-17,ACUTE LEUKEMIA W/O MAJOR O.R. PROCEDURE W/O CC/MCC,Medical
837,MDC-17,CHEMO W ACUTE LEUKEMIA AS SDX OR W HIGH DOSE CHEMO AGENT W MCC,Medical
838,MDC-17,CHEMO W ACUTE LEUKEMIA AS SDX W CC OR HIGH DOSE CHEMO AGENT,Medical
839,MDC-17,CHEMO W ACUTE LEUKEMIA AS SDX W/O CC/MCC,Medical
840,MDC-17,LYMPHOMA & NON-ACUTE LEUKEMIA W MCC,Medical
841,MDC-17,LYMPHOMA & NON-ACUTE LEUKEMIA W CC,Medical
842,MDC-17,LYMPHOMA & NON-ACUTE LEUKEMIA W/O CC/MCC,Medical
843,MDC-17,OTHER MYELOPROLIF DIS OR POORLY DIFF NEOPL DIAG W MCC,Medical
844,MDC-17,OTHER MYELOPROLIF DIS OR POORLY DIFF NEOPL DIAG W CC,Medical
845,MDC-17,OTHER MYELOPROLIF DIS OR POORLY DIFF NEOPL DIAG W/O CC/MCC,Medical
846,MDC-17,CHEMOTHERAPY W/O ACUTE LEUKEMIA AS SECONDARY DIAGNOSIS W MCC,Medical
847,MDC-17,CHEMOTHERAPY W/O ACUTE LEUKEMIA AS SECONDARY DIAGNOSIS W CC,Medical
848,MDC-17,CHEMOTHERAPY W/O ACUTE LEUKEMIA AS SECONDARY DIAGNOSIS W/O CC/MCC,Medical
849,MDC-17,RADIOTHERAPY,Medical
856,MDC-18,POSTOPERATIVE OR POST-TRAUMATIC INFECTIONS W O.R. PROC W MCC,Surgical
857,MDC-18,POSTOPERATIVE OR POST-TRAUMATIC INFECTIONS W O.R. PROC W CC,Surgical
858,MDC-18,POSTOPERATIVE OR POST-TRAUMATIC INFECTIONS W O.R. PROC W/O CC/MCC,Surgical
853,MDC-18,INFECTIOUS & PARASITIC DISEASES W O.R. PROCEDURE W MCC,Surgical
854,MDC-18,INFECTIOUS & PARASITIC DISEASES W O.R. PROCEDURE W CC,Surgical
855,MDC-18,INFECTIOUS & PARASITIC DISEASES W O.R. PROCEDURE W/O CC/MCC,Surgical
862,MDC-18,POSTOPERATIVE & POST-TRAUMATIC INFECTIONS W MCC,Medical
863,MDC-18,POSTOPERATIVE & POST-TRAUMATIC INFECTIONS W/O MCC,Medical
864,MDC-18,FEVER,Medical
865,MDC-18,VIRAL ILLNESS W MCC,Medical
866,MDC-18,VIRAL ILLNESS W/O MCC,Medical
867,MDC-18,OTHER INFECTIOUS & PARASITIC DISEASES DIAGNOSES W MCC,Medical
868,MDC-18,OTHER INFECTIOUS & PARASITIC DISEASES DIAGNOSES W CC,Medical
869,MDC-18,OTHER INFECTIOUS & PARASITIC DISEASES DIAGNOSES W/O CC/MCC,Medical
870,MDC-18,SEPTICEMIA OR SEVERE SEPSIS W MV >96 HOURS,Medical
871,MDC-18,SEPTICEMIA OR SEVERE SEPSIS W/O MV >96 HOURS W MCC,Medical
872,MDC-18,SEPTICEMIA OR SEVERE SEPSIS W/O MV >96 HOURS W/O MCC,Medical
876,MDC-19,O.R. PROCEDURE W PRINCIPAL DIAGNOSES OF MENTAL ILLNESS,Surgical
880,MDC-19,ACUTE ADJUSTMENT REACTION & PSYCHOSOCIAL DYSFUNCTION,Medical
881,MDC-19,DEPRESSIVE NEUROSES,Medical
882,MDC-19,NEUROSES EXCEPT DEPRESSIVE,Medical
883,MDC-19,DISORDERS OF PERSONALITY & IMPULSE CONTROL,Medical
884,MDC-19,ORGANIC DISTURBANCES & INTELLECTUAL DISABILITY,Medical
885,MDC-19,PSYCHOSES,Medical
886,MDC-19,BEHAVIORAL & DEVELOPMENTAL DISORDERS,Medical
887,MDC-19,OTHER MENTAL DISORDER DIAGNOSES,Medical
894,MDC-20,"ALCOHOL/DRUG ABUSE OR DEPENDENCE, LEFT AMA",Medical
895,MDC-20,ALCOHOL/DRUG ABUSE OR DEPENDENCE W REHABILITATION THERAPY,Medical
896,MDC-20,ALCOHOL/DRUG ABUSE OR DEPENDENCE W/O REHABILITATION THERAPY W MCC,Medical
897,MDC-20,ALCOHOL/DRUG ABUSE OR DEPENDENCE W/O REHABILITATION THERAPY W/O MCC,Medical
901,MDC-21,WOUND DEBRIDEMENTS FOR INJURIES W MCC,Surgical
902,MDC-21,WOUND DEBRIDEMENTS FOR INJURIES W CC,Surgical
903,MDC-21,WOUND DEBRIDEMENTS FOR INJURIES W/O CC/MCC,Surgical
904,MDC-21,SKIN GRAFTS FOR INJURIES W CC/MCC,Surgical
905,MDC-21,SKIN GRAFTS FOR INJURIES W/O CC/MCC,Surgical
906,MDC-21,HAND PROCEDURES FOR INJURIES,Surgical
907,MDC-21,OTHER O.R. PROCEDURES FOR INJURIES W MCC,Surgical
908,MDC-21,OTHER O.R. PROCEDURES FOR INJURIES W CC,Surgical
909,MDC-21,OTHER O.R. PROCEDURES FOR INJURIES W/O CC/MCC,Surgical
913,MDC-21,TRAUMATIC INJURY W MCC,Medical
914,MDC-21,TRAUMATIC INJURY W/O MCC,Medical
915,MDC-21,ALLERGIC REACTIONS W MCC,Medical
916,MDC-21,ALLERGIC REACTIONS W/O MCC,Medical
917,MDC-21,POISONING & TOXIC EFFECTS OF DRUGS W MCC,Medical
918,MDC-21,POISONING & TOXIC EFFECTS OF DRUGS W/O MCC,Medical
919,MDC-21,COMPLICATIONS OF TREATMENT W MCC,Medical
920,MDC-21,COMPLICATIONS OF TREATMENT W CC,Medical
921,MDC-21,COMPLICATIONS OF TREATMENT W/O CC/MCC,Medical
922,MDC-21,"OTHER INJURY, POISONING & TOXIC EFFECT DIAG W MCC",Medical
923,MDC-21,"OTHER INJURY, POISONING & TOXIC EFFECT DIAG W/O MCC",Medical
927,MDC-22,EXTENSIVE BURNS OR FULL THICKNESS BURNS W MV >96 HRS W SKIN GRAFT,Surgical
928,MDC-22,FULL THICKNESS BURN W SKIN GRAFT OR INHAL INJ W CC/MCC,Surgical
929,MDC-22,FULL THICKNESS BURN W SKIN GRAFT OR INHAL INJ W/O CC/MCC,Surgical
933,MDC-22,EXTENSIVE BURNS OR FULL THICKNESS BURNS W MV >96 HRS W/O SKIN GRAFT,Medical
934,MDC-22,FULL THICKNESS BURN W/O SKIN GRFT OR INHAL INJ,Medical
935,MDC-22,NON-EXTENSIVE BURNS,Medical
939,MDC-23,O.R. PROC W DIAGNOSES OF OTHER CONTACT W HEALTH SERVICES W MCC,Surgical
940,MDC-23,O.R. PROC W DIAGNOSES OF OTHER CONTACT W HEALTH SERVICES W CC,Surgical
941,MDC-23,O.R. PROC W DIAGNOSES OF OTHER CONTACT W HEALTH SERVICES W/O CC/MCC,Surgical
945,MDC-23,REHABILITATION W CC/MCC,Medical
946,MDC-23,REHABILITATION W/O CC/MCC,Medical
947,MDC-23,SIGNS & SYMPTOMS W MCC,Medical
948,MDC-23,SIGNS & SYMPTOMS W/O MCC,Medical
949,MDC-23,AFTERCARE W CC/MCC,Medical
950,MDC-23,AFTERCARE W/O CC/MCC,Medical
951,MDC-23,OTHER FACTORS INFLUENCING HEALTH STATUS,Medical
955,MDC-24,CRANIOTOMY FOR MULTIPLE SIGNIFICANT TRAUMA,Surgical
956,MDC-24,"LIMB REATTACHMENT, HIP & FEMUR PROC FOR MULTIPLE SIGNIFICANT TRAUMA",Surgical
957,MDC-24,OTHER O.R. PROCEDURES FOR MULTIPLE SIGNIFICANT TRAUMA W MCC,Surgical
958,MDC-24,OTHER O.R. PROCEDURES FOR MULTIPLE SIGNIFICANT TRAUMA W CC,Surgical
959,MDC-24,OTHER O.R. PROCEDURES FOR MULTIPLE SIGNIFICANT TRAUMA W/O CC/MCC,Surgical
963,MDC-24,OTHER MULTIPLE SIGNIFICANT TRAUMA W MCC,Medical
964,MDC-24,OTHER MULTIPLE SIGNIFICANT TRAUMA W CC,Medical
965,MDC-24,OTHER MULTIPLE SIGNIFICANT TRAUMA W/O CC/MCC,Medical
969,MDC-25,HIV W EXTENSIVE O.R. PROCEDURE W MCC,Surgical
970,MDC-25,HIV W EXTENSIVE O.R. PROCEDURE W/O MCC,Surgical
974,MDC-25,HIV W MAJOR RELATED CONDITION W MCC,Medical
975,MDC-25,HIV W MAJOR RELATED CONDITION W CC,Medical
976,MDC-25,HIV W MAJOR RELATED CONDITION W/O CC/MCC,Medical
977,MDC-25,HIV W OR W/O OTHER RELATED CONDITION,Medical
981,UNGROUPABLE,EXTENSIVE O.R. PROCEDURE UNRELATED TO PRINCIPAL DIAGNOSIS W MCC,Surgical
982,UNGROUPABLE,EXTENSIVE O.R. PROCEDURE UNRELATED TO PRINCIPAL DIAGNOSIS W CC,Surgical
983,UNGROUPABLE,EXTENSIVE O.R. PROCEDURE UNRELATED TO PRINCIPAL DIAGNOSIS W/O CC/MCC,Surgical
987,UNGROUPABLE,NON-EXTENSIVE O.R. PROC UNRELATED TO PRINCIPAL DIAGNOSIS W MCC,Surgical
988,UNGROUPABLE,NON-EXTENSIVE O.R. PROC UNRELATED TO PRINCIPAL DIAGNOSIS W CC,Surgical
989,UNGROUPABLE,NON-EXTENSIVE O.R. PROC UNRELATED TO PRINCIPAL DIAGNOSIS W/O CC/MCC,Surgical
